{
  "matchid": "example_match",
  "num_maps": 3,
  "players_per_team": 5,
  "coaches_per_team": 2,
  "min_players_to_ready": 1,
  "skip_veto": false,
  "veto_first": "team1",
  "side_type": "standard",
  "spectators": {
    "players": [
      "76561197996426755"
    ]
  },
  "maplist": [
    "de_ancient",
    "de_inferno",
    "de_mirage",
    "de_nuke",
    "de_overpass",
    "de_anubis",
    "de_vertigo"
  ],
  "team1": {
    "name": "EnvyUs",
    "tag": "EnvyUs",
    "flag": "FR",
    "logo": "nv",
    "players": {
      "STEAM_0:1:52245092": "splewis",
      "76561198064755913": ""
    }
  },
  "team2": {
    "name": "Fnatic",
    "tag": "Fnatic",
    "flag": "SE",
    "logo": "fntc",
    "players": [
      "STEAM_1:1:46796472",
      "STEAM_1:0:78189799",
      "STEAM_1:0:142982"
    ]
  },
  "cvars": {
    "sm_practicemode_can_be_started": "0"
  }
}
